method,k,subset_hash,delta_rmse_weighted,ci_low_95,ci_high_95,verdict,wins_delta_lt0,wins_sig_holm,n_holdouts
RF_topK_k12,12,c6849d081c094f19,-0.7999432343165693,-1.4535213233193311,0.520829153876512,EQUIVALENT,3,0,5
ET_topK_k11,11,39d2d3951b50de42,-0.6042651261478291,-1.2571576955548507,0.7151219411955264,EQUIVALENT,3,0,5
Genetic_Algorithm_k6,6,0c38ec0f34aefdd4,-0.11237105909662586,-0.24579518673584563,0.15725686550763088,EQUIVALENT,3,0,5
Simulated_Annealing_k7,7,57145cdddd6d1892,0.05258356440187924,-0.2590636869444894,0.7992551265158939,EQUIVALENT,2,0,5
Exact_Enumerated_QUBO_k7,7,57145cdddd6d1892,0.10810189385376183,-0.2178213227543761,0.777704074013207,EQUIVALENT,2,0,5
