{
  "cfg": {
    "k": 6,
    "n_features": 15,
    "feature_names": [
      "canopy_height",
      "canopy_height_sd",
      "clay_pct",
      "elevation",
      "slope",
      "NDVI_seca",
      "NDWI_seca",
      "NBR_seca",
      "EVI_seca",
      "NDVI_RE_seca",
      "HV_dB",
      "VV_dB",
      "VH_dB",
      "B8_seca",
      "mapbiomas_2018"
    ],
    "seed": 42,
    "qubo_weights": {
      "w_rf": 0.5,
      "w_marg": 0.4,
      "alpha": 0.4,
      "lambda_vif": 0.0,
      "lambda_corr": 0.1,
      "w_synergy": 0.0
    },
    "grid_blocks": {
      "nx": 4,
      "ny": 3,
      "counts": {
        "0": 28,
        "1": 7,
        "2": 15,
        "3": 4,
        "4": 16,
        "5": 22,
        "6": 38,
        "7": 17,
        "9": 17,
        "10": 48,
        "11": 78
      }
    },
    "penalty_lambda": 0.015,
    "qubo_scale": 1.0,
    "linear_final": [
      -0.8435066046432989,
      -0.26603599000305905,
      -0.18001630435694416,
      -0.19236995690585343,
      -0.18151529290278579,
      -0.5417874130072777,
      -0.5416173200563313,
      -0.48124338771670766,
      -0.40396447348181164,
      -0.5455453300809969,
      -0.32362529370397924,
      -0.3199503020852545,
      -0.34958126216064367,
      -0.2618499831964075,
      -0.30461893489200625
    ],
    "quad_final": [
      [
        0.0,
        0.05358902492220727,
        0.04194382066454127,
        0.05194074400025331,
        0.03205739609795146,
        0.1122641772859375,
        0.11290838533736922,
        0.10878857372192265,
        0.1009092660782713,
        0.1122641772859375,
        0.06826876814578806,
        0.08626348562979508,
        0.0925974517839414,
        0.056950075494829035,
        0.0861072221279021
      ],
      [
        0.05358902492220727,
        0.0,
        0.0634536559582064,
        0.05524014528169899,
        0.07543643398899896,
        0.05798859554690433,
        0.05893281640119312,
        0.06100045833652004,
        0.06277255766834068,
        0.05798859554690433,
        0.03886418694383855,
        0.04135606401234306,
        0.04391995083698367,
        0.06102316588859166,
        0.051229167549176016
      ],
      [
        0.04194382066454127,
        0.0634536559582064,
        0.0,
        0.10196111054480977,
        0.04999883386386279,
        0.03045942685137809,
        0.0321159764404337,
        0.03266658499326347,
        0.036014867612571645,
        0.03045942685137809,
        0.04007141996735998,
        0.030728813912682576,
        0.034314720080997854,
        0.04373679642593131,
        0.04199769483210459
      ],
      [
        0.05194074400025331,
        0.05524014528169899,
        0.10196111054480977,
        0.0,
        0.0580122810923579,
        0.03843958536552364,
        0.03753203428963647,
        0.03527745009883672,
        0.04313592231815459,
        0.03843958536552364,
        0.054634242647520107,
        0.04011253977762662,
        0.045542544070596595,
        0.04651430518465306,
        0.033225997015385374
      ],
      [
        0.03205739609795146,
        0.07543643398899896,
        0.04999883386386279,
        0.0580122810923579,
        0.0,
        0.039219602020771085,
        0.03773927772317601,
        0.04272453524602162,
        0.04730490050519277,
        0.039219602020771085,
        0.03726909295325583,
        0.037570953937293115,
        0.03702135537303941,
        0.051747595506281385,
        0.0555021378259763
      ],
      [
        0.1122641772859375,
        0.05798859554690433,
        0.03045942685137809,
        0.03843958536552364,
        0.039219602020771085,
        0.0,
        0.12786478251617245,
        0.12673360337631634,
        0.1203314935476292,
        0.13,
        0.06787917442127936,
        0.0900237650945868,
        0.09593212187114447,
        0.0680403145553824,
        0.09423209983035064
      ],
      [
        0.11290838533736922,
        0.05893281640119312,
        0.0321159764404337,
        0.03753203428963647,
        0.03773927772317601,
        0.12786478251617245,
        0.0,
        0.1240914464110648,
        0.11732011656213061,
        0.12786478251617245,
        0.06793664363551824,
        0.08955618808866891,
        0.09551276389772152,
        0.06714457222214705,
        0.09149154539364773
      ],
      [
        0.10878857372192265,
        0.06100045833652004,
        0.03266658499326347,
        0.03527745009883672,
        0.04272453524602162,
        0.12673360337631634,
        0.1240914464110648,
        0.0,
        0.12135221174059638,
        0.12673360337631634,
        0.06705113554591448,
        0.08768228823910737,
        0.09356466578183101,
        0.07495979492150262,
        0.0926075597845081
      ],
      [
        0.1009092660782713,
        0.06277255766834068,
        0.036014867612571645,
        0.04313592231815459,
        0.04730490050519277,
        0.1203314935476292,
        0.11732011656213061,
        0.12135221174059638,
        0.0,
        0.1203314935476292,
        0.06621059908457644,
        0.07985555201566627,
        0.08654899336619279,
        0.09932098499674645,
        0.07906876219699721
      ],
      [
        0.1122641772859375,
        0.05798859554690433,
        0.03045942685137809,
        0.03843958536552364,
        0.039219602020771085,
        0.13,
        0.12786478251617245,
        0.12673360337631634,
        0.1203314935476292,
        0.0,
        0.06787917442127936,
        0.0900237650945868,
        0.09593212187114447,
        0.0680403145553824,
        0.09423209983035064
      ],
      [
        0.06826876814578806,
        0.03886418694383855,
        0.04007141996735998,
        0.054634242647520107,
        0.03726909295325583,
        0.06787917442127936,
        0.06793664363551824,
        0.06705113554591448,
        0.06621059908457644,
        0.06787917442127936,
        0.0,
        0.04709598416644423,
        0.07048846371948332,
        0.048816567173909566,
        0.051238175136679054
      ],
      [
        0.08626348562979508,
        0.04135606401234306,
        0.030728813912682576,
        0.04011253977762662,
        0.037570953937293115,
        0.0900237650945868,
        0.08955618808866891,
        0.08768228823910737,
        0.07985555201566627,
        0.0900237650945868,
        0.04709598416644423,
        0.0,
        0.1260177967592382,
        0.04227811557068824,
        0.06956873020235667
      ],
      [
        0.0925974517839414,
        0.04391995083698367,
        0.034314720080997854,
        0.045542544070596595,
        0.03702135537303941,
        0.09593212187114447,
        0.09551276389772152,
        0.09356466578183101,
        0.08654899336619279,
        0.09593212187114447,
        0.07048846371948332,
        0.1260177967592382,
        0.0,
        0.047612862672933506,
        0.07159326057466212
      ],
      [
        0.056950075494829035,
        0.06102316588859166,
        0.04373679642593131,
        0.04651430518465306,
        0.051747595506281385,
        0.0680403145553824,
        0.06714457222214705,
        0.07495979492150262,
        0.09932098499674645,
        0.0680403145553824,
        0.048816567173909566,
        0.04227811557068824,
        0.047612862672933506,
        0.0,
        0.03364764953764141
      ],
      [
        0.0861072221279021,
        0.051229167549176016,
        0.04199769483210459,
        0.033225997015385374,
        0.0555021378259763,
        0.09423209983035064,
        0.09149154539364773,
        0.0926075597845081,
        0.07906876219699721,
        0.09423209983035064,
        0.051238175136679054,
        0.06956873020235667,
        0.07159326057466212,
        0.03364764953764141,
        0.0
      ]
    ],
    "qaoa": {
      "r2": 0.6573151650827639,